{"2020/7/8": 81.0}{"2020/7/8": 68.1333756251}{"2020/7/9": 92.0}{"2020/7/9": 72.6258793914}{"2020/7/10": 85.0}{"2020/7/10": 72.0}{"2020/7/11": 80.0}{"2020/7/11": 71.0}{"2020/7/12": 69.8426631741}{"2020/7/12": 70.5091146084}{"2020/7/13": 85.1979159793}{"2020/7/13": 65.0}{"2020/7/14": 85.0}{"2020/7/14": 71.8908840506}