{"2020 /7/15": 72.0, "2020 /7/16": 71.6666666667, "2020 /7/17": 72.6666666667, "2020 /7/18": 73.6666666667, "2020 /7/19": 74.3333333333, "2020 /7/20": 74.0661331751, "2020 /7/21": 72.3333333333, "2020/7/15": 86.4444444444, "2020/7/16": 86.1393764054, "2020/7/17": 85.6666666667, "2020/7/18": 86.7777777778, "2020/7/19": 87.8888888889, "2020/7/20": 88.4444444444, "2020/7/21": 87.6666666667}