{"2020 /3/4": 45.4500752447, "2020 /3/5": 41.375, "2020 /3/6": 36.0667292956, "2020 /3/7": 32.9500614402, "2020 /3/8": 29.875, "2020 /3/9": 29.0, "2020 /3/10": 30.0, "2020/3/4": 51.0, "2020/3/5": 60.8834308219, "2020/3/6": 55.0, "2020/3/7": 43.0, "2020/3/8": 38.0, "2020/3/9": 49.0, "2020/3/10": 43.0}