{"2020 /7/10": 72.0, "2020 /7/11": 71.0, "2020 /7/12": 70.5091146084, "2020 /7/13": 65.0, "2020 /7/14": 71.8908840506, "2020 /7/15": 75.5555555556, "2020 /7/16": 80.4182142657, "2020/7/10": 85.0, "2020/7/11": 80.0, "2020/7/12": 69.8426631741, "2020/7/13": 85.1979159793, "2020/7/14": 85.0, "2020/7/15": 96.2222222222, "2020/7/16": 93.9996948816}