{"2020 /7/12": 76.6661500268, "2020 /7/13": 75.9029408359, "2020 /7/14": 76.2423232073, "2020 /7/15": 75.6288839492, "2020 /7/16": 73.922959845, "2020 /7/17": 71.6670739028, "2020 /7/18": 73.275041522, "2020/7/12": 94.6641142901, "2020/7/13": 97.4478157621, "2020/7/14": 94.2898560442, "2020/7/15": 91.4128273946, "2020/7/16": 85.3947772666, "2020/7/17": 84.3352582664, "2020/7/18": 83.7249514712}