{"2020 /7/9": 72.2222222222, "2020 /7/10": 72.8888888889, "2020 /7/11": 72.3333333333, "2020 /7/12": 72.0, "2020 /7/13": 73.4444444444, "2020 /7/14": 72.6068935764, "2020 /7/15": 72.1111111111, "2020/7/9": 89.6666666667, "2020/7/10": 91.0, "2020/7/11": 90.7777777778, "2020/7/12": 87.8969616942, "2020/7/13": 87.2222222222, "2020/7/14": 87.6666666667, "2020/7/15": 86.2222222222}